,images,binary,empty_count,non_empty_count
0,CAH_3_50_2017_MB1_10.jpg,1,0,8
1,CAH_3_50_2017_MB1_10.jpg,1,0,8
2,CAH_3_50_2017_MB1_10.jpg,1,0,8
3,CAH_3_50_2017_MB1_10.jpg,1,0,8
4,CAH_3_50_2017_MB1_10.jpg,1,0,8
5,CAH_3_50_2017_MB1_10.jpg,1,0,8
6,CAH_3_50_2017_MB1_10.jpg,1,0,8
7,CAH_3_50_2017_MB1_10.jpg,1,0,8
8,CAH_3_50_2017_MB1_11.jpg,1,0,8
9,CAH_3_50_2017_MB1_11.jpg,1,0,8
10,CAH_3_50_2017_MB1_11.jpg,1,0,8
11,CAH_3_50_2017_MB1_11.jpg,1,0,8
12,CAH_3_50_2017_MB1_11.jpg,1,0,8
13,CAH_3_50_2017_MB1_11.jpg,1,0,8
14,CAH_3_50_2017_MB1_11.jpg,1,0,8
15,CAH_3_50_2017_MB1_11.jpg,1,0,8
16,CAH_3_50_2017_MB1_24.jpg,1,0,8
17,CAH_3_50_2017_MB1_24.jpg,1,0,8
18,CAH_3_50_2017_MB1_24.jpg,1,0,8
19,CAH_3_50_2017_MB1_24.jpg,1,0,8
20,CAH_3_50_2017_MB1_24.jpg,1,0,8
21,CAH_3_50_2017_MB1_24.jpg,1,0,8
22,CAH_3_50_2017_MB1_24.jpg,1,0,8
23,CAH_3_50_2017_MB1_24.jpg,1,0,8
24,CAH_3_50_2017_MB1_25.jpg,1,0,8
25,CAH_3_50_2017_MB1_25.jpg,1,0,8
26,CAH_3_50_2017_MB1_25.jpg,1,0,8
27,CAH_3_50_2017_MB1_25.jpg,1,0,8
28,CAH_3_50_2017_MB1_25.jpg,1,0,8
29,CAH_3_50_2017_MB1_25.jpg,1,0,8
30,CAH_3_50_2017_MB1_25.jpg,1,0,8
31,CAH_3_50_2017_MB1_25.jpg,1,0,8
32,CAH_3_50_2017_MB1_75.jpg,1,0,8
33,CAH_3_50_2017_MB1_75.jpg,1,0,8
34,CAH_3_50_2017_MB1_75.jpg,1,0,8
35,CAH_3_50_2017_MB1_75.jpg,1,0,8
36,CAH_3_50_2017_MB1_75.jpg,1,0,8
37,CAH_3_50_2017_MB1_75.jpg,1,0,8
38,CAH_3_50_2017_MB1_75.jpg,1,0,8
39,CAH_3_50_2017_MB1_75.jpg,1,0,8
40,CAH_3_50_2017_MB1_76.jpg,1,0,8
41,CAH_3_50_2017_MB1_76.jpg,1,0,8
42,CAH_3_50_2017_MB1_76.jpg,1,0,8
43,CAH_3_50_2017_MB1_76.jpg,1,0,8
44,CAH_3_50_2017_MB1_76.jpg,1,0,8
45,CAH_3_50_2017_MB1_76.jpg,1,0,8
46,CAH_3_50_2017_MB1_76.jpg,1,0,8
47,CAH_3_50_2017_MB1_76.jpg,1,0,8
48,CAH_3_50_2017_MB1_77.jpg,1,0,8
49,CAH_3_50_2017_MB1_77.jpg,1,0,8
50,CAH_3_50_2017_MB1_77.jpg,1,0,8
51,CAH_3_50_2017_MB1_77.jpg,1,0,8
52,CAH_3_50_2017_MB1_77.jpg,1,0,8
53,CAH_3_50_2017_MB1_77.jpg,1,0,8
54,CAH_3_50_2017_MB1_77.jpg,1,0,8
55,CAH_3_50_2017_MB1_77.jpg,1,0,8
56,CAH_3_50_2017_MB1_85.jpg,1,0,8
57,CAH_3_50_2017_MB1_85.jpg,1,0,8
58,CAH_3_50_2017_MB1_85.jpg,1,0,8
59,CAH_3_50_2017_MB1_85.jpg,1,0,8
60,CAH_3_50_2017_MB1_85.jpg,1,0,8
61,CAH_3_50_2017_MB1_85.jpg,1,0,8
62,CAH_3_50_2017_MB1_85.jpg,1,0,8
63,CAH_3_50_2017_MB1_85.jpg,1,0,8
64,CAH_3_50_2017_MB1_86.jpg,1,0,8
65,CAH_3_50_2017_MB1_86.jpg,1,0,8
66,CAH_3_50_2017_MB1_86.jpg,1,0,8
67,CAH_3_50_2017_MB1_86.jpg,1,0,8
68,CAH_3_50_2017_MB1_86.jpg,1,0,8
69,CAH_3_50_2017_MB1_86.jpg,1,0,8
70,CAH_3_50_2017_MB1_86.jpg,1,0,8
71,CAH_3_50_2017_MB1_86.jpg,1,0,8
72,CAH_3_50_2017_MB1_89.jpg,1,0,8
73,CAH_3_50_2017_MB1_89.jpg,1,0,8
74,CAH_3_50_2017_MB1_89.jpg,1,0,8
75,CAH_3_50_2017_MB1_89.jpg,1,0,8
76,CAH_3_50_2017_MB1_89.jpg,1,0,8
77,CAH_3_50_2017_MB1_89.jpg,1,0,8
78,CAH_3_50_2017_MB1_89.jpg,1,0,8
79,CAH_3_50_2017_MB1_89.jpg,1,0,8
80,CAH_3_50_2017_MB1_90.jpg,1,0,8
81,CAH_3_50_2017_MB1_90.jpg,1,0,8
82,CAH_3_50_2017_MB1_90.jpg,1,0,8
83,CAH_3_50_2017_MB1_90.jpg,1,0,8
84,CAH_3_50_2017_MB1_90.jpg,1,0,8
85,CAH_3_50_2017_MB1_90.jpg,1,0,8
86,CAH_3_50_2017_MB1_90.jpg,1,0,8
87,CAH_3_50_2017_MB1_90.jpg,1,0,8
88,CAH_3_50_2017_MB1_91.jpg,1,0,8
89,CAH_3_50_2017_MB1_91.jpg,1,0,8
90,CAH_3_50_2017_MB1_91.jpg,1,0,8
91,CAH_3_50_2017_MB1_91.jpg,1,0,8
92,CAH_3_50_2017_MB1_91.jpg,1,0,8
93,CAH_3_50_2017_MB1_91.jpg,1,0,8
94,CAH_3_50_2017_MB1_91.jpg,1,0,8
95,CAH_3_50_2017_MB1_91.jpg,1,0,8
96,CAH_3_50_2017_MB1_99.jpg,1,0,8
97,CAH_3_50_2017_MB1_99.jpg,1,0,8
98,CAH_3_50_2017_MB1_99.jpg,1,0,8
99,CAH_3_50_2017_MB1_99.jpg,1,0,8
100,CAH_3_50_2017_MB1_99.jpg,1,0,8
101,CAH_3_50_2017_MB1_99.jpg,1,0,8
102,CAH_3_50_2017_MB1_99.jpg,1,0,8
103,CAH_3_50_2017_MB1_99.jpg,1,0,8
104,CAH_3_50_2017_MB1_100.jpg,1,0,8
105,CAH_3_50_2017_MB1_100.jpg,1,0,8
106,CAH_3_50_2017_MB1_100.jpg,1,0,8
107,CAH_3_50_2017_MB1_100.jpg,1,0,8
108,CAH_3_50_2017_MB1_100.jpg,1,0,8
109,CAH_3_50_2017_MB1_100.jpg,1,0,8
110,CAH_3_50_2017_MB1_100.jpg,1,0,8
111,CAH_3_50_2017_MB1_100.jpg,1,0,8
112,CAH_3_50_2017_MB1_102.jpg,1,0,8
113,CAH_3_50_2017_MB1_102.jpg,1,0,8
114,CAH_3_50_2017_MB1_102.jpg,1,0,8
115,CAH_3_50_2017_MB1_102.jpg,1,0,8
116,CAH_3_50_2017_MB1_102.jpg,1,0,8
117,CAH_3_50_2017_MB1_102.jpg,1,0,8
118,CAH_3_50_2017_MB1_102.jpg,1,0,8
119,CAH_3_50_2017_MB1_102.jpg,1,0,8
120,CAH_3_50_2017_MB1_103.jpg,1,0,8
121,CAH_3_50_2017_MB1_103.jpg,1,0,8
122,CAH_3_50_2017_MB1_103.jpg,1,0,8
123,CAH_3_50_2017_MB1_103.jpg,1,0,8
124,CAH_3_50_2017_MB1_103.jpg,1,0,8
125,CAH_3_50_2017_MB1_103.jpg,1,0,8
126,CAH_3_50_2017_MB1_103.jpg,1,0,8
127,CAH_3_50_2017_MB1_103.jpg,1,0,8
128,CAH_3_50_2017_MB1_104.jpg,1,0,8
129,CAH_3_50_2017_MB1_104.jpg,1,0,8
130,CAH_3_50_2017_MB1_104.jpg,1,0,8
131,CAH_3_50_2017_MB1_104.jpg,1,0,8
132,CAH_3_50_2017_MB1_104.jpg,1,0,8
133,CAH_3_50_2017_MB1_104.jpg,1,0,8
134,CAH_3_50_2017_MB1_104.jpg,1,0,8
135,CAH_3_50_2017_MB1_104.jpg,1,0,8
136,CAH_3_50_2017_MB1_105.jpg,1,0,8
137,CAH_3_50_2017_MB1_105.jpg,1,0,8
138,CAH_3_50_2017_MB1_105.jpg,1,0,8
139,CAH_3_50_2017_MB1_105.jpg,1,0,8
140,CAH_3_50_2017_MB1_105.jpg,1,0,8
141,CAH_3_50_2017_MB1_105.jpg,1,0,8
142,CAH_3_50_2017_MB1_105.jpg,1,0,8
143,CAH_3_50_2017_MB1_105.jpg,1,0,8
144,CAH_3_50_2017_MB1_116.jpg,1,0,8
145,CAH_3_50_2017_MB1_116.jpg,1,0,8
146,CAH_3_50_2017_MB1_116.jpg,1,0,8
147,CAH_3_50_2017_MB1_116.jpg,1,0,8
148,CAH_3_50_2017_MB1_116.jpg,1,0,8
149,CAH_3_50_2017_MB1_116.jpg,1,0,8
150,CAH_3_50_2017_MB1_116.jpg,1,0,8
151,CAH_3_50_2017_MB1_116.jpg,1,0,8
152,CAH_3_50_2017_MB1_117.jpg,1,0,8
153,CAH_3_50_2017_MB1_117.jpg,1,0,8
154,CAH_3_50_2017_MB1_117.jpg,1,0,8
155,CAH_3_50_2017_MB1_117.jpg,1,0,8
156,CAH_3_50_2017_MB1_117.jpg,1,0,8
157,CAH_3_50_2017_MB1_117.jpg,1,0,8
158,CAH_3_50_2017_MB1_117.jpg,1,0,8
159,CAH_3_50_2017_MB1_117.jpg,1,0,8
160,CAH_3_50_2017_MB1_178.jpg,1,0,8
161,CAH_3_50_2017_MB1_178.jpg,1,0,8
162,CAH_3_50_2017_MB1_178.jpg,1,0,8
163,CAH_3_50_2017_MB1_178.jpg,1,0,8
164,CAH_3_50_2017_MB1_178.jpg,1,0,8
165,CAH_3_50_2017_MB1_178.jpg,1,0,8
166,CAH_3_50_2017_MB1_178.jpg,1,0,8
167,CAH_3_50_2017_MB1_178.jpg,1,0,8
168,CAH_3_50_2017_MB1_179.jpg,1,0,8
169,CAH_3_50_2017_MB1_179.jpg,1,0,8
170,CAH_3_50_2017_MB1_179.jpg,1,0,8
171,CAH_3_50_2017_MB1_179.jpg,1,0,8
172,CAH_3_50_2017_MB1_179.jpg,1,0,8
173,CAH_3_50_2017_MB1_179.jpg,1,0,8
174,CAH_3_50_2017_MB1_179.jpg,1,0,8
175,CAH_3_50_2017_MB1_179.jpg,1,0,8
176,CAH_3_50_2017_MB1_187.jpg,1,0,8
177,CAH_3_50_2017_MB1_187.jpg,1,0,8
178,CAH_3_50_2017_MB1_187.jpg,1,0,8
179,CAH_3_50_2017_MB1_187.jpg,1,0,8
180,CAH_3_50_2017_MB1_187.jpg,1,0,8
181,CAH_3_50_2017_MB1_187.jpg,1,0,8
182,CAH_3_50_2017_MB1_187.jpg,1,0,8
183,CAH_3_50_2017_MB1_187.jpg,1,0,8
184,CAH_3_50_2017_MB1_188.jpg,1,0,8
185,CAH_3_50_2017_MB1_188.jpg,1,0,8
186,CAH_3_50_2017_MB1_188.jpg,1,0,8
187,CAH_3_50_2017_MB1_188.jpg,1,0,8
188,CAH_3_50_2017_MB1_188.jpg,1,0,8
189,CAH_3_50_2017_MB1_188.jpg,1,0,8
190,CAH_3_50_2017_MB1_188.jpg,1,0,8
191,CAH_3_50_2017_MB1_188.jpg,1,0,8
192,CAH_3_50_2017_MB1_192.jpg,1,0,8
193,CAH_3_50_2017_MB1_192.jpg,1,0,8
194,CAH_3_50_2017_MB1_192.jpg,1,0,8
195,CAH_3_50_2017_MB1_192.jpg,1,0,8
196,CAH_3_50_2017_MB1_192.jpg,1,0,8
197,CAH_3_50_2017_MB1_192.jpg,1,0,8
198,CAH_3_50_2017_MB1_192.jpg,1,0,8
199,CAH_3_50_2017_MB1_192.jpg,1,0,8
200,CAH_3_50_2017_MB1_193.jpg,1,0,8
201,CAH_3_50_2017_MB1_193.jpg,1,0,8
202,CAH_3_50_2017_MB1_193.jpg,1,0,8
203,CAH_3_50_2017_MB1_193.jpg,1,0,8
204,CAH_3_50_2017_MB1_193.jpg,1,0,8
205,CAH_3_50_2017_MB1_193.jpg,1,0,8
206,CAH_3_50_2017_MB1_193.jpg,1,0,8
207,CAH_3_50_2017_MB1_193.jpg,1,0,8
208,CAH_3_50_2017_MB1_201.jpg,1,0,8
209,CAH_3_50_2017_MB1_201.jpg,1,0,8
210,CAH_3_50_2017_MB1_201.jpg,1,0,8
211,CAH_3_50_2017_MB1_201.jpg,1,0,8
212,CAH_3_50_2017_MB1_201.jpg,1,0,8
213,CAH_3_50_2017_MB1_201.jpg,1,0,8
214,CAH_3_50_2017_MB1_201.jpg,1,0,8
215,CAH_3_50_2017_MB1_201.jpg,1,0,8
216,CAH_3_50_2017_MB1_202.jpg,1,0,8
217,CAH_3_50_2017_MB1_202.jpg,1,0,8
218,CAH_3_50_2017_MB1_202.jpg,1,0,8
219,CAH_3_50_2017_MB1_202.jpg,1,0,8
220,CAH_3_50_2017_MB1_202.jpg,1,0,8
221,CAH_3_50_2017_MB1_202.jpg,1,0,8
222,CAH_3_50_2017_MB1_202.jpg,1,0,8
223,CAH_3_50_2017_MB1_202.jpg,1,0,8
224,CAH_3_50_2017_MB1_203.jpg,1,0,8
225,CAH_3_50_2017_MB1_203.jpg,1,0,8
226,CAH_3_50_2017_MB1_203.jpg,1,0,8
227,CAH_3_50_2017_MB1_203.jpg,1,0,8
228,CAH_3_50_2017_MB1_203.jpg,1,0,8
229,CAH_3_50_2017_MB1_203.jpg,1,0,8
230,CAH_3_50_2017_MB1_203.jpg,1,0,8
231,CAH_3_50_2017_MB1_203.jpg,1,0,8
232,CAH_3_50_2017_MB1_204.jpg,1,0,8
233,CAH_3_50_2017_MB1_204.jpg,1,0,8
234,CAH_3_50_2017_MB1_204.jpg,1,0,8
235,CAH_3_50_2017_MB1_204.jpg,1,0,8
236,CAH_3_50_2017_MB1_204.jpg,1,0,8
237,CAH_3_50_2017_MB1_204.jpg,1,0,8
238,CAH_3_50_2017_MB1_204.jpg,1,0,8
239,CAH_3_50_2017_MB1_204.jpg,1,0,8
240,CAH_3_50_2017_MB1_205.jpg,1,0,8
241,CAH_3_50_2017_MB1_205.jpg,1,0,8
242,CAH_3_50_2017_MB1_205.jpg,1,0,8
243,CAH_3_50_2017_MB1_205.jpg,1,0,8
244,CAH_3_50_2017_MB1_205.jpg,1,0,8
245,CAH_3_50_2017_MB1_205.jpg,1,0,8
246,CAH_3_50_2017_MB1_205.jpg,1,0,8
247,CAH_3_50_2017_MB1_205.jpg,1,0,8
248,CAH_3_50_2017_MB1_206.jpg,1,0,8
249,CAH_3_50_2017_MB1_206.jpg,1,0,8
250,CAH_3_50_2017_MB1_206.jpg,1,0,8
251,CAH_3_50_2017_MB1_206.jpg,1,0,8
252,CAH_3_50_2017_MB1_206.jpg,1,0,8
253,CAH_3_50_2017_MB1_206.jpg,1,0,8
254,CAH_3_50_2017_MB1_206.jpg,1,0,8
255,CAH_3_50_2017_MB1_206.jpg,1,0,8
256,CAH_3_50_2017_MB1_216.jpg,1,0,8
257,CAH_3_50_2017_MB1_216.jpg,1,0,8
258,CAH_3_50_2017_MB1_216.jpg,1,0,8
259,CAH_3_50_2017_MB1_216.jpg,1,0,8
260,CAH_3_50_2017_MB1_216.jpg,1,0,8
261,CAH_3_50_2017_MB1_216.jpg,1,0,8
262,CAH_3_50_2017_MB1_216.jpg,1,0,8
263,CAH_3_50_2017_MB1_216.jpg,1,0,8
264,CAH_3_50_2017_MB1_217.jpg,1,0,8
265,CAH_3_50_2017_MB1_217.jpg,1,0,8
266,CAH_3_50_2017_MB1_217.jpg,1,0,8
267,CAH_3_50_2017_MB1_217.jpg,1,0,8
268,CAH_3_50_2017_MB1_217.jpg,1,0,8
269,CAH_3_50_2017_MB1_217.jpg,1,0,8
270,CAH_3_50_2017_MB1_217.jpg,1,0,8
271,CAH_3_50_2017_MB1_217.jpg,1,0,8
272,CAH_3_50_2017_MB1_218.jpg,1,0,8
273,CAH_3_50_2017_MB1_218.jpg,1,0,8
274,CAH_3_50_2017_MB1_218.jpg,1,0,8
275,CAH_3_50_2017_MB1_218.jpg,1,0,8
276,CAH_3_50_2017_MB1_218.jpg,1,0,8
277,CAH_3_50_2017_MB1_218.jpg,1,0,8
278,CAH_3_50_2017_MB1_218.jpg,1,0,8
279,CAH_3_50_2017_MB1_218.jpg,1,0,8
280,CAH_3_50_2017_MB1_219.jpg,1,0,8
281,CAH_3_50_2017_MB1_219.jpg,1,0,8
282,CAH_3_50_2017_MB1_219.jpg,1,0,8
283,CAH_3_50_2017_MB1_219.jpg,1,0,8
284,CAH_3_50_2017_MB1_219.jpg,1,0,8
285,CAH_3_50_2017_MB1_219.jpg,1,0,8
286,CAH_3_50_2017_MB1_219.jpg,1,0,8
287,CAH_3_50_2017_MB1_219.jpg,1,0,8
288,CAH_3_50_2017_MB1_220.jpg,1,0,8
289,CAH_3_50_2017_MB1_220.jpg,1,0,8
290,CAH_3_50_2017_MB1_220.jpg,1,0,8
291,CAH_3_50_2017_MB1_220.jpg,1,0,8
292,CAH_3_50_2017_MB1_220.jpg,1,0,8
293,CAH_3_50_2017_MB1_220.jpg,1,0,8
294,CAH_3_50_2017_MB1_220.jpg,1,0,8
295,CAH_3_50_2017_MB1_220.jpg,1,0,8
296,CAH_3_50_2017_MB1_221.jpg,1,0,8
297,CAH_3_50_2017_MB1_221.jpg,1,0,8
298,CAH_3_50_2017_MB1_221.jpg,1,0,8
299,CAH_3_50_2017_MB1_221.jpg,1,0,8
300,CAH_3_50_2017_MB1_221.jpg,1,0,8
301,CAH_3_50_2017_MB1_221.jpg,1,0,8
302,CAH_3_50_2017_MB1_221.jpg,1,0,8
303,CAH_3_50_2017_MB1_221.jpg,1,0,8
304,CAH_3_50_2017_MB1_222.jpg,1,0,8
305,CAH_3_50_2017_MB1_222.jpg,1,0,8
306,CAH_3_50_2017_MB1_222.jpg,1,0,8
307,CAH_3_50_2017_MB1_222.jpg,1,0,8
308,CAH_3_50_2017_MB1_222.jpg,1,0,8
309,CAH_3_50_2017_MB1_222.jpg,1,0,8
310,CAH_3_50_2017_MB1_222.jpg,1,0,8
311,CAH_3_50_2017_MB1_222.jpg,1,0,8
312,CAH_3_50_2017_MB1_231.jpg,1,0,8
313,CAH_3_50_2017_MB1_231.jpg,1,0,8
314,CAH_3_50_2017_MB1_231.jpg,1,0,8
315,CAH_3_50_2017_MB1_231.jpg,1,0,8
316,CAH_3_50_2017_MB1_231.jpg,1,0,8
317,CAH_3_50_2017_MB1_231.jpg,1,0,8
318,CAH_3_50_2017_MB1_231.jpg,1,0,8
319,CAH_3_50_2017_MB1_231.jpg,1,0,8
320,CAH_3_50_2017_MB1_232.jpg,1,0,8
321,CAH_3_50_2017_MB1_232.jpg,1,0,8
322,CAH_3_50_2017_MB1_232.jpg,1,0,8
323,CAH_3_50_2017_MB1_232.jpg,1,0,8
324,CAH_3_50_2017_MB1_232.jpg,1,0,8
325,CAH_3_50_2017_MB1_232.jpg,1,0,8
326,CAH_3_50_2017_MB1_232.jpg,1,0,8
327,CAH_3_50_2017_MB1_232.jpg,1,0,8
328,CAH_3_50_2017_MB1_233.jpg,1,0,8
329,CAH_3_50_2017_MB1_233.jpg,1,0,8
330,CAH_3_50_2017_MB1_233.jpg,1,0,8
331,CAH_3_50_2017_MB1_233.jpg,1,0,8
332,CAH_3_50_2017_MB1_233.jpg,1,0,8
333,CAH_3_50_2017_MB1_233.jpg,1,0,8
334,CAH_3_50_2017_MB1_233.jpg,1,0,8
335,CAH_3_50_2017_MB1_233.jpg,1,0,8
336,CAH_3_50_2017_MB1_234.jpg,1,0,8
337,CAH_3_50_2017_MB1_234.jpg,1,0,8
338,CAH_3_50_2017_MB1_234.jpg,1,0,8
339,CAH_3_50_2017_MB1_234.jpg,1,0,8
340,CAH_3_50_2017_MB1_234.jpg,1,0,8
341,CAH_3_50_2017_MB1_234.jpg,1,0,8
342,CAH_3_50_2017_MB1_234.jpg,1,0,8
343,CAH_3_50_2017_MB1_234.jpg,1,0,8
344,CAH_3_50_2017_MB1_235.jpg,1,0,8
345,CAH_3_50_2017_MB1_235.jpg,1,0,8
346,CAH_3_50_2017_MB1_235.jpg,1,0,8
347,CAH_3_50_2017_MB1_235.jpg,1,0,8
348,CAH_3_50_2017_MB1_235.jpg,1,0,8
349,CAH_3_50_2017_MB1_235.jpg,1,0,8
350,CAH_3_50_2017_MB1_235.jpg,1,0,8
351,CAH_3_50_2017_MB1_235.jpg,1,0,8
352,CAH_3_50_2017_MB1_236.jpg,1,0,8
353,CAH_3_50_2017_MB1_236.jpg,1,0,8
354,CAH_3_50_2017_MB1_236.jpg,1,0,8
355,CAH_3_50_2017_MB1_236.jpg,1,0,8
356,CAH_3_50_2017_MB1_236.jpg,1,0,8
357,CAH_3_50_2017_MB1_236.jpg,1,0,8
358,CAH_3_50_2017_MB1_236.jpg,1,0,8
359,CAH_3_50_2017_MB1_236.jpg,1,0,8
360,CAH_3_50_2017_MB1_246.jpg,1,0,8
361,CAH_3_50_2017_MB1_246.jpg,1,0,8
362,CAH_3_50_2017_MB1_246.jpg,1,0,8
363,CAH_3_50_2017_MB1_246.jpg,1,0,8
364,CAH_3_50_2017_MB1_246.jpg,1,0,8
365,CAH_3_50_2017_MB1_246.jpg,1,0,8
366,CAH_3_50_2017_MB1_246.jpg,1,0,8
367,CAH_3_50_2017_MB1_246.jpg,1,0,8
368,CAH_3_50_2017_MB1_247.jpg,1,0,8
369,CAH_3_50_2017_MB1_247.jpg,1,0,8
370,CAH_3_50_2017_MB1_247.jpg,1,0,8
371,CAH_3_50_2017_MB1_247.jpg,1,0,8
372,CAH_3_50_2017_MB1_247.jpg,1,0,8
373,CAH_3_50_2017_MB1_247.jpg,1,0,8
374,CAH_3_50_2017_MB1_247.jpg,1,0,8
375,CAH_3_50_2017_MB1_247.jpg,1,0,8
376,CAH_3_50_2017_MB1_248.jpg,1,0,8
377,CAH_3_50_2017_MB1_248.jpg,1,0,8
378,CAH_3_50_2017_MB1_248.jpg,1,0,8
379,CAH_3_50_2017_MB1_248.jpg,1,0,8
380,CAH_3_50_2017_MB1_248.jpg,1,0,8
381,CAH_3_50_2017_MB1_248.jpg,1,0,8
382,CAH_3_50_2017_MB1_248.jpg,1,0,8
383,CAH_3_50_2017_MB1_248.jpg,1,0,8
384,CAH_3_50_2017_MB1_249.jpg,1,0,8
385,CAH_3_50_2017_MB1_249.jpg,1,0,8
386,CAH_3_50_2017_MB1_249.jpg,1,0,8
387,CAH_3_50_2017_MB1_249.jpg,1,0,8
388,CAH_3_50_2017_MB1_249.jpg,1,0,8
389,CAH_3_50_2017_MB1_249.jpg,1,0,8
390,CAH_3_50_2017_MB1_249.jpg,1,0,8
391,CAH_3_50_2017_MB1_249.jpg,1,0,8
392,CAH_3_50_2017_MB1_250.jpg,1,0,8
393,CAH_3_50_2017_MB1_250.jpg,1,0,8
394,CAH_3_50_2017_MB1_250.jpg,1,0,8
395,CAH_3_50_2017_MB1_250.jpg,1,0,8
396,CAH_3_50_2017_MB1_250.jpg,1,0,8
397,CAH_3_50_2017_MB1_250.jpg,1,0,8
398,CAH_3_50_2017_MB1_250.jpg,1,0,8
399,CAH_3_50_2017_MB1_250.jpg,1,0,8
400,CAH_3_50_2017_MB1_262.jpg,1,0,6
401,CAH_3_50_2017_MB1_262.jpg,1,0,6
402,CAH_3_50_2017_MB1_262.jpg,1,0,6
403,CAH_3_50_2017_MB1_262.jpg,1,0,6
404,CAH_3_50_2017_MB1_262.jpg,1,0,6
405,CAH_3_50_2017_MB1_262.jpg,1,0,6
